source,symbol,name,sourceAddress,sourceDecimals,coingeckoId,logo,solAddress,solDecimals,ethAddress,ethDecimals,bscAddress,bscDecimals,terraAddress,terraDecimals,maticAddress,maticDecimals,avaxAddress,avaxDecimals,oasisAddress,oasisDecimals,algorandAddress,algorandDecimals,ftmAddress,ftmDecimals,auroraAddress,auroraDecimals,karuraAddress,karuraDecimals,acalaAddress,acalaDecimals,klaytnAddress,klaytnDecimals,celoAddress,celoDecimals,nearAddress,nearDecimals,moonbeamAddress,moonbeamDecimals,terra2Address,terra2Decimals,injectiveAddress,injectiveDecimals,xplaAddress,xplaDecimals,optimismAddress,optimismDecimals,arbitrumAddress,arbitrumDecimals,aptosAddress,aptosDecimals,baseAddress,baseDecimals
sol,BONK,BONK (Portal),DezXAZ8z7PnrnRJjz3wXBoRgixCa6xjnB7YaB1pPB263,5.0,bonk,https://raw.githubusercontent.com/wormhole-foundation/wormhole-token-list/main/src/logogen/base/BONK.png,,,0x1151CB3d861920e07a38e03eEAd12C32178567F6,5.0,0xA697e272a73744b343528C3Bc4702F2565b2F422,5.0,,,0xe5B49820e5A1063F6F4DdF851327b5E8B2301048,5.0,,,,,,,,,,,,,,,,,,,,,,,,,inj14rry9q6dym3dgcwzq79yay0e9azdz55jr465ch,5.0,,,,,0x09199d9a5f4448d0848e4395d065e1ad9c4a1f74,5.0,0x2a90fae71afc7460ee42b20ee49a9c9b29272905ad71fef92fbd8b3905a24b56,5.0,,
sol,KING,KING (Portal),9noXzpXnkyEcKF3AeXqUHTdR59V5uvrRBUZ9bwfQwxeq,9.0,king,"https://static.wixstatic.com/media/326cf0_041cbca6882f4388b105ed00ac68188c~mv2.png/v1/crop/x_77,y_0,w_343,h_358/fill/w_319,h_332,al_c,q_85,usm_0.66_1.00_0.01,enc_auto/326cf0_041cbca6882f4388b105ed00ac68188c~mv2.png",,,0xE28027c99C7746fFb56B0113e5d9708aC86fAE8f,9.0,,,,,,,,,,,,,,,,,,,,,,,,,,,,,,,,,,,,,,,,,,
sol,RAY,Raydium (Portal),4k3Dyjzvzp8eMZWUXbBCjEvwSkkk59S5iCNLY3QrkX6R,6.0,raydium,https://raw.githubusercontent.com/solana-labs/token-list/main/assets/mainnet/4k3Dyjzvzp8eMZWUXbBCjEvwSkkk59S5iCNLY3QrkX6R/logo.png,,,0xE617dd80c621a5072bD8cBa65E9d76c07327004d,6.0,0x13b6A55662f6591f8B8408Af1C73B017E32eEdB8,6.0,terra1ht5sepn28z999jx33sdduuxm9acthad507jg9q,6.0,,,,,,,,,,,,,,,,,,,,,,,,,,,,,,,,,,,,,,
sol,SBR,Saber (Portal),Saber2gLauYim4Mvftnrasomsv6NvAuncvMEZwcLpD1,6.0,saber,https://raw.githubusercontent.com/solana-labs/token-list/main/assets/mainnet/Saber2gLauYim4Mvftnrasomsv6NvAuncvMEZwcLpD1/logo.svg,,,,,0x75344E5693ed5ecAdF4f292fFeb866c2cF8afCF1,6.0,terra17h82zsq6q8x5tsgm5ugcx4gytw3axguvzt4pkc,6.0,,,,,,,,,,,,,,,,,,,,,,,,,,,,,,,,,,,,,,
sol,SOL,SOL (Portal),So11111111111111111111111111111111111111112,9.0,solana,https://raw.githubusercontent.com/solana-labs/token-list/main/assets/mainnet/So11111111111111111111111111111111111111112/logo.png,,,0xD31a59c85aE9D8edEFeC411D448f90841571b89c,9.0,0xfA54fF1a158B5189Ebba6ae130CEd6bbd3aEA76e,9.0,terra190tqwgqx7s8qrknz6kckct7v607cu068gfujpk,8.0,0xd93f7e271cb87c23aaa73edc008a79646d1f9912,9.0,0xFE6B19286885a4F7F55AdAD09C3Cd1f906D2478F,9.0,0xd17dDAC91670274F7ba1590a06EcA0f2FD2b12bc,9.0,,,0xd99021C2A33e4Cf243010539c9e9b7c52E0236c1,9.0,,,,,,,,,,,,,,,,,inj1sthrn5ep8ls5vzz8f9gp89khhmedahhdkqa8z3,8.0,,,,,,,,,,
sol,SRMso,Serum (Portal from Solana),SRMuApVNdxXokk5GT7XD5cUUgXMBCoAz2LHeuAoKWRt,6.0,serum,https://raw.githubusercontent.com/solana-labs/token-list/main/assets/mainnet/xnorPhAzWXUczCP3KjU5yDxmKKZi5cSbxytQ1LgE3kG/logo.png,,,0xE3ADAA4fb7c92AB833Ee08B3561D9c434aA2A3eE,6.0,0x12BeffdCEcb547640DC30e1495E4B9cdc21922b4,6.0,terra1dkam9wd5yvaswv4yq3n2aqd4wm5j8n82qc0c7c,6.0,,,,,,,,,,,,,,,,,,,,,,,,,,,,,,,,,,,,,,
sol,TBTC,Threshold Bitcoin,6DNSN2BJsaPFdFFc1zP37kkeNe4Usc1Sqkzr9C9vPWcU,18.0,tbtc,https://assets.coingecko.com/coins/images/11224/small/0x18084fba666a33d37592fa2633fd49a74dd93a88.png?1674474504,,,0x18084fbA666a33d37592fA2633fD49a74DD93a88,8.0,,,,,0x236aa50979D5f3De3Bd1Eeb40E81137F22ab794b,8.0,,,,,,,,,,,,,,,,,,,,,,,,,,,,,0x6c84a8f1c29108F47a79964b5Fe888D4f4D0dE40,8.0,0x6c84a8f1c29108F47a79964b5Fe888D4f4D0dE40,8.0,,,0x236aa50979D5f3De3Bd1Eeb40E81137F22ab794b,8.0
sol,USDCso,USD Coin (Portal from Solana),EPjFWdd5AufqSSqeM2qN1xzybapC8G4wEGGkZwyTDt1v,6.0,usd-coin,https://raw.githubusercontent.com/solana-labs/token-list/main/assets/mainnet/EPjFWdd5AufqSSqeM2qN1xzybapC8G4wEGGkZwyTDt1v/logo.png,,,0x41f7B8b9b897276b7AAE926a9016935280b44E97,6.0,0x91Ca579B0D47E5cfD5D0862c21D5659d39C8eCf0,6.0,terra1e6mq63y64zcxz8xyu5van4tgkhemj3r86yvgu4,6.0,0x576cf361711cd940cd9c397bb98c4c896cbd38de,6.0,0x0950Fc1AD509358dAeaD5eB8020a3c7d8b43b9DA,6.0,0x1d1149a53deB36F2836Ae7877c9176413aDfA4A8,6.0,,,0xb8398DA4FB3BC4306B9D9d9d13d9573e7d0E299f,6.0,0xDd1DaFedeBa5F9851C4F4a2876E0f3aF3c774B1A,6.0,,,,,,,,,,,,,,,,,,,,,,,,,,
sol,USDTso,Tether USD (Portal from Solana),Es9vMFrzaCERmJfrF4H2FYD4KCoNkY11McCe8BenwNYB,6.0,tether,https://raw.githubusercontent.com/solana-labs/token-list/main/assets/mainnet/Es9vMFrzaCERmJfrF4H2FYD4KCoNkY11McCe8BenwNYB/logo.svg,,,0x1CDD2EaB61112697626F7b4bB0e23Da4FeBF7B7C,6.0,0x49d5cC521F75e13fa8eb4E89E9D381352C897c96,6.0,terra1hd9n65snaluvf7en0p4hqzse9eqecejz2k8rl5,6.0,0x3553f861dec0257bada9f8ed268bf0d74e45e89c,6.0,0xF0FF231e3F1A50F83136717f287ADAB862f89431,6.0,0x24285C5232ce3858F00bacb950Cae1f59d1b2704,6.0,,,,,0xd80890AFDBd7148456D8Ee358eF9127F0F8c7faf,6.0,,,,,,,,,,,,,,,,,,,,,,,,,,
sol,XTAG,XTAG Token (Portal),5gs8nf4wojB5EXgDUWNLwXpknzgV2YWDhveAeBZpVLbp,6.0,xhashtag,https://raw.githubusercontent.com/sudomon/wormhole-token-list/main/src/logogen/base/xtag.png,,,,,,,,,,,0xa608d79c5f695c0d4c0e773a4938b57e18e0fc57,6.0,,,,,,,,,,,,,,,,,,,,,,,,,,,,,,,,,,
sol,ZBC,Wrapped Zebec Token,wzbcJyhGhQDLTV1S99apZiiBdE4jmYfbw99saMMdP59,9.0,zebec-protocol,https://raw.githubusercontent.com/Zebec-protocol/zebec-assets/master/wrap-logo.png,,,,,0x37a56cdcd83dce2868f721de58cb3830c44c6303,9.0,,,,,,,,,,,,,,,,,,,,,,,,,,,,,,,,,,,,,,,,
sol,mSOL,Marinade staked SOL (Portal),mSoLzYCxHdYgdzU16g5QSh3i5K3z3KZK7ytfqcJm7So,9.0,marinade-staked-sol,https://raw.githubusercontent.com/solana-labs/token-list/main/assets/mainnet/mSoLzYCxHdYgdzU16g5QSh3i5K3z3KZK7ytfqcJm7So/logo.png,,,0x756bFb452cFE36A5Bc82e4F5f4261A89a18c242b,9.0,,,terra1qvlpf2v0zmru3gtex40sqq02wxp39x3cjh359y,8.0,,,,,0x5E11A4f64D3B9fA042dB9e1AA918F735038FdfD8,9.0,,,,,,,,,,,,,,,,,,,,,,,,,,,,,,,,
eth,1INCH,1INCH Token (Portal),0x111111111117dC0aa78b770fA6A738034120C302,18.0,1inch,,AjkPkq3nsyDe1yKcbyZT7N4aK4Evv9om9tzhQD3wsRC,8.0,,,,,,,,,,,,,,,,,,,,,,,,,,,,,,,,,,,,,,,,,,,,
eth,1SOL,1sol.io (Portal),0x009178997aff09a67d4caccfeb897fb79d036214,18.0,1sol,https://raw.githubusercontent.com/solana-labs/token-list/main/assets/mainnet/4ThReWAbAVZjNVgs5Ui9Pk3cZ5TYaD9u6Y89fp6EFzoF/logo.png,4ThReWAbAVZjNVgs5Ui9Pk3cZ5TYaD9u6Y89fp6EFzoF,8.0,,,,,,,,,,,,,,,,,,,,,,,,,,,,,,,,,,,,,,,,,,,,
eth,AAVE,Aave Token (Portal),0x7Fc66500c84A76Ad7e9c93437bFc5Ac33E2DDaE9,18.0,aave,,3vAs4D1WE6Na4tCgt4BApgFfENbm8WY7q4cSPD1yM4Cg,8.0,,,,,,,,,,,,,,,,,,,,,,,,,,,,,,,,,,,,,,,,,,,,
eth,AKRO,Akropolis (Portal),0x8ab7404063ec4dbcfd4598215992dc3f8ec853d7,18.0,akropolis,https://raw.githubusercontent.com/solana-labs/token-list/main/assets/mainnet/G3h8NZgJozk9crme2me6sKDJuSQ12mNCtvC9NbSWqGuk/logo.png,12uHjozDVgyGWeLqQ8DMCRbig8amW5VmvZu3FdMMdcaG,8.0,,,,,,,,,,,,,,,,,,,,,,,,,,,,,,,,,,,,,,,,,,,,
eth,ALEPH,Aleph.im (Portal),0x27702a26126e0b3702af63ee09ac4d1a084ef628,18.0,aleph-im,,3UCMiSnkcnkPE1pgQ5ggPCBv6dXgVUy16TmMUe1WpG9x,8.0,,,,,,,,,,,,,,,,,,,,,,,,,,,,,,,,,,,,,,,,,,,,
eth,ALICE,My Neighbor Alice (Portal),0xac51066d7bec65dc4589368da368b212745d63e8,6.0,my-neighbor-alice,,9ARQsBfAn65q522cEqSJuse3cLhA31jgWDBGQHeiq7Mg,8.0,,,,,,,,,,,,,,,,,,,,,,,,,,,,,,,,,,,,,,,,,,,,
eth,AMP,Amp (Portal),0xff20817765cb7f73d4bde2e66e067e58d11095c2,18.0,amp,,D559HwgjYGDYsXpmFUKxhFTEwutvS9sya1kXiyCVogCV,8.0,,,,,,,,,,,,,,,,,,,,,,,,,,,,,,,,,,,,,,,,,,,,
eth,AMPL,Ampleforth (Portal),0xd46ba6d942050d489dbd938a2c909a5d5039a161,9.0,ampleforth,,EHKQvJGu48ydKA4d3RivrkNyTJTkSdoS32UafxSX1yak,8.0,,,,,,,,,,,,,,,,,,,,,,,,,,,,,,,,,,,,,,,,,,,,
eth,ANKR,Ankr (Portal),0x8290333cef9e6d528dd5618fb97a76f268f3edd4,18.0,ankr,,Gq2norJ1kBemBp3mPfkgAUMhMMmnFmY4zEyi26tRcxFB,8.0,,,,,,,,,,,,,,,,,,,,,,,,,,,,,,,,,,,,,,,,,,,,
eth,AUDIO,Audius (Portal),0x18aaa7115705e8be94bffebde57af9bfc265b998,18.0,audius,,9LzCMqDgTKYz9Drzqnpgee3SGa89up3a247ypMj2xrqM,8.0,,,,,terra1nc6flp57m5hsr6y5y8aexzszy43ksr0drdr8rp,8.0,,,,,,,,,,,,,,,,,,,,,,,,,,,,,,,,,,,,,,
eth,AXSet,Axie Infinity Shard (Portal from Ethereum),0xbb0e17ef65f82ab018d8edd776e8dd940327b28b,18.0,axie-infinity,https://etherscan.io/token/images/axieinfinityshard_32.png,HysWcbHiYY9888pHbaqhwLYZQeZrcQMXKQWRqS7zcPK5,8.0,,,0x556b60c53fbC1518Ad17E03d52E47368dD4d81B3,18.0,,,,,,,,,,,,,,,,,,,,,,,,,,,,,,,,,,,,,,,,
eth,BAT,Basic Attention Token (Portal),0x0d8775f648430679a709e98d2b0cb6250d2887ef,18.0,basic-attention-token,,EPeUFDgHRxs9xxEPVaL6kfGQvCon7jmAWKVUHuux1Tpz,8.0,,,0x31C78f583ed0288D67b2b80Dc5C443Bc3b15C661,18.0,terra1apxgj5agkkfdm2tprwvykug0qtahxvfmugnhx2,8.0,,,,,,,,,,,,,,,,,,,,,,,,,,,,,,,,,,,,,,
eth,BKN,Brickken (Portal),0x0A638F07ACc6969abF392bB009f216D22aDEa36d,18.0,brickken,https://etherscan.io/token/images/brickken_32.png,,,,,0x0e28bC9B03971E95acF9ae1326E51ecF9C55B498,18.0,,,,,,,,,,,,,,,,,,,,,,,,,,,,,,,,,,,,,,,,
eth,BNT,Bancor Network Token (Portal),0x1f573d6fb3f13d689ff844b4ce37794d79a7ff1c,18.0,bancor-network,,EDVVEYW4fPJ6vKw5LZXRGUSPzxoHrv6eWvTqhCr8oShs,8.0,,,,,,,,,,,,,,,,,,,,,,,,,,,,,,,,,,,,,,,,,,,,
eth,BUSDet,Binance USD (Portal from Ethereum),0x4fabb145d64652a948d72533023f6e7a623c7c53,18.0,binance-usd,https://raw.githubusercontent.com/solana-labs/token-list/main/assets/mainnet/33fsBLA8djQm82RpHmE3SuVrPGtZBWNYExsEUeKX1HXX/logo.png,33fsBLA8djQm82RpHmE3SuVrPGtZBWNYExsEUeKX1HXX,8.0,,,0x035de3679E692C471072d1A09bEb9298fBB2BD31,18.0,,,,,,,,,,,,,,,,,,,,,,,,,,,,,,,,,,,,,,,,
eth,CEL,Celsius (Portal),0xaaaebe6fe48e54f431b0c390cfaf0b017d09d42d,4.0,celsius-network,,nRtfwU9G82CSHhHGJNxFhtn7FLvWP2rqvQvje1WtL69,4.0,,,,,,,,,,,,,,,,,,,,,,,,,,,,,,,,,,,,,,,,,,,,
eth,CHAI,CHAI (Portal),0x06AF07097C9Eeb7fD685c692751D5C66dB49c215,18.0,,https://raw.githubusercontent.com/lucasvo/chui/master/src/assets/logostill.png,3jsFX1tx2Z8ewmamiwSU851GzyzM2DJMq7KWW5DM8Py3,8.0,,,,,,,,,,,,,,,,,,,,,,,,,,,,,,,,,,,,,,,,,,,,
eth,CHZ,Chiliz (Portal),0x3506424f91fd33084466f402d5d97f05f8e3b4af,18.0,chiliz,,5TtSKAamFq88grN1QGrEaZ1AjjyciqnCya1aiMhAgFvG,8.0,,,,,,,,,,,,,,,,,,,,,,,,,,,,,,,,,,,,,,,,,,,,
eth,COMP,Compound (Portal),0xc00e94cb662c3520282e6f5717214004a7f26888,18.0,compound,,AwEauVaTMQRB71WeDnwf1DWSBxaMKjEPuxyLr1uixFom,8.0,,,,,,,,,,,,,,,,,,,,,,,,,,,,,,,,,,,,,,,,,,,,
eth,CREAM,Cream (Portal),0x2ba592f78db6436527729929aaf6c908497cb200,18.0,cream,,HihxL2iM6L6P1oqoSeiixdJ3PhPYNxvSKH9A2dDqLVDH,8.0,,,,,,,,,,,,,,,,,,,,,,,,,,,,,,,,,,,,,,,,,,,,
eth,CRO,Crypto.com Coin (Portal),0xa0b73e1ff0b80914ab6fe0444e65848c4c34450b,8.0,crypto-com-coin,,DvjMYMVeXgKxaixGKpzQThLoG98nc7HSU7eanzsdCboA,8.0,,,,,,,,,,,,,,,,,,,,,,,,,,,,,,,,,,,,,,,,,,,,
eth,CRV,Curve DAO Token (Portal),0xd533a949740bb3306d119cc777fa900ba034cd52,18.0,curve-dao-token,,7gjNiPun3AzEazTZoFEjZgcBMeuaXdpjHq2raZTmTrfs,8.0,,,,,,,,,,,,,,,,,,,,,,,,,,,,,,,,,,,,,,,,,,,,
eth,CVX,Convex Finance (Portal),0x4e3fbd56cd56c3e72c1403e103b45db9da5b9d2b,18.0,convex-finance,,BLvmrccP4g1B6SpiVvmQrLUDya1nZ4B2D1nm9jzKF7sz,8.0,,,,,,,,,,,,,,,,,,,,,,,,,,,,,,,,,,,,,,,,,,,,
eth,DAI,DAI (Portal),0x6b175474e89094c44da98b954eedeac495271d0f,18.0,dai,https://raw.githubusercontent.com/solana-labs/token-list/main/assets/mainnet/xnorPhAzWXUczCP3KjU5yDxmKKZi5cSbxytQ1LgE3kG/logo.png,EjmyN6qEC1Tf1JxiG1ae7UTJhUxSwk1TCWNWqxWV4J6o,8.0,,,0x3413a030EF81a3dD5a302F4B4D11d911e12ed337,18.0,terra1zmclyfepfmqvfqflu8r3lv6f75trmg05z7xq95,8.0,,,,,,,,,,,,,,,,,,,,,,,,,,,,,,,,,,,,,,
eth,DYDX,dYdX (Portal),0x92d6c1e31e14520e676a687f0a93788b716beff5,18.0,dydx,https://etherscan.io/token/images/dydx2_32.png,4Hx6Bj56eGyw8EJrrheM6LBQAvVYRikYCWsALeTrwyRU,8.0,,,,,,,,,,,,,,,,,,,,,,,,,,,,,,,,,,,,,,,,,,,,
eth,ELON,Dogelon Mars (Portal),0x761d38e5ddf6ccf6cf7c55759d5210750b5d60f3,18.0,dogelon-mars,,6nKUU36URHkewHg5GGGAgxs6szkE4VTioGUT5txQqJFU,8.0,,,,,,,,,,,,,,,,,,,,,,,,,,,,,,,,,,,,,,,,,,,,
eth,ENJ,EnjinCoin (Portal),0xf629cbd94d3791c9250152bd8dfbdf380e2a3b9c,18.0,enjin,,EXExWvT6VyYxEjFzF5BrUxt5GZMPVZnd48y3iWrRefMq,8.0,,,,,,,,,,,,,,,,,,,,,,,,,,,,,,,,,,,,,,,,,,,,
eth,ENS,Ethereum Name Service (Portal),0xc18360217d8f7ab5e7c516566761ea12ce7f9d72,18.0,ethereum-name-service,,CLQsDGoGibdNPnVCFp8BAsN2unvyvb41Jd5USYwAnzAg,8.0,,,,,,,,,,,,,,,,,,,,,,,,,,,,,,,,,,,,,,,,,,,,
eth,ETH,Ether (Portal),0xc02aaa39b223fe8d0a0e5c4f27ead9083c756cc2,18.0,ether,https://raw.githubusercontent.com/solana-labs/token-list/main/assets/mainnet/7vfCXTUXx5WJV5JADk17DUJ4ksgau7utNKj4b963voxs/logo.png,7vfCXTUXx5WJV5JADk17DUJ4ksgau7utNKj4b963voxs,8.0,,,0x4DB5a66E937A9F4473fA95b1cAF1d1E1D62E29EA,18.0,terra14tl83xcwqjy0ken9peu4pjjuu755lrry2uy25r,8.0,0x11CD37bb86F65419713f30673A480EA33c826872,18.0,0x8b82A291F83ca07Af22120ABa21632088fC92931,18.0,0x3223f17957Ba502cbe71401D55A0DB26E5F7c68F,18.0,,,,,0x811Cc0d762eA72aC72385d93b98a97263AE37E4C,18.0,,,,,,,0x66803FB87aBd4aaC3cbB3fAd7C3aa01f6F3FB207,18.0,,,0xab3f0245B83feB11d15AAffeFD7AD465a59817eD,18.0,,,,,,,,,,,,,,
eth,ETHIX,Ethix (Portal),0xFd09911130e6930Bf87F2B0554c44F400bD80D3e,18.0,ethichub,https://raw.githubusercontent.com/ethichub/wormhole-token-list/main/src/logogen/base/ETHIX.png,,,,,,,,,,,,,,,,,,,,,,,,,,,0x9995cc8F20Db5896943Afc8eE0ba463259c931ed,18.0,,,,,,,,,,,,,,,,,,
eth,FRAX,Frax (Portal),0x853d955acef822db058eb8505911ed77f175b99e,18.0,frax,https://raw.githubusercontent.com/solana-labs/token-list/main/assets/mainnet/FR87nWEUxVgerFGhZM8Y4AggKGLnaXswr1Pd8wZ4kZcp/logo.png,FR87nWEUxVgerFGhZM8Y4AggKGLnaXswr1Pd8wZ4kZcp,8.0,,,,,,,,,,,,,,,,,,,,,,,,,,,,,,,,,,,,,,,,,,,,
eth,FRONT,Frontier (Portal),0xf8c3527cc04340b208c854e985240c02f7b7793f,18.0,frontier,,A9ik2NrpKRRG2snyTjofZQcTuav9yH3mNVHLsLiDQmYt,8.0,,,,,,,,,,,,,,,,,,,,,,,,,,,,,,,,,,,,,,,,,,,,
eth,FTMet,Fantom (Portal from Ethereum),0x4e15361fd6b4bb609fa63c81a2be19d873717870,18.0,fantom,,8gC27rQF4NEDYfyf5aS8ZmQJUum5gufowKGYRRba4ENN,8.0,,,,,,,,,,,,,,,,,,,,,,,,,,,,,,,,,,,,,,,,,,,,
eth,FTT,FTX Token (Portal),0x50d1c9771902476076ecfc8b2a83ad6b9355a4c9,18.0,ftx-token,https://raw.githubusercontent.com/solana-labs/token-list/main/assets/mainnet/EzfgjvkSwthhgHaceR3LnKXUoRkP6NUhfghdaHAj1tUv/logo.png,EzfgjvkSwthhgHaceR3LnKXUoRkP6NUhfghdaHAj1tUv,8.0,,,0x49BA054B9664e99ac335667a917c63bB94332E84,18.0,,,,,,,,,,,,,,,,,,,,,,,,,,,,,,,,,,,,,,,,
eth,FXS,Frax Share (Portal),0x3432b6a60d23ca0dfca7761b7ab56459d9c964d0,18.0,frax-share,https://raw.githubusercontent.com/solana-labs/token-list/main/assets/mainnet/6LX8BhMQ4Sy2otmAWj7Y5sKd9YTVVUgfMsBzT6B9W7ct/logo.png,6LX8BhMQ4Sy2otmAWj7Y5sKd9YTVVUgfMsBzT6B9W7ct,8.0,,,,,,,,,,,,,,,,,,,,,,,,,,,,,,,,,,,,,,,,,,,,
eth,GALA,Gala (Portal),0x15d4c048f83bd7e37d49ea4c83a07267ec4203da,8.0,gala,,AuGz22orMknxQHTVGwAu7e3dJikTJKgcjFwMNDikEKmF,8.0,,,,,,,,,,,,,,,,,,,,,,,,,,,,,,,,,,,,,,,,,,,,
eth,GRT,Graph Token (Portal),0xc944E90C64B2c07662A292be6244BDf05Cda44a7,18.0,the-graph,,HGsLG4PnZ28L8A4R5nPqKgZd86zUUdmfnkTRnuFJ5dAX,8.0,,,,,,,,,,,,,,,,,,,,,,,,,,,,,,,,,,,,,,,,,,,,
eth,GT,GateToken (Portal),0xe66747a101bff2dba3697199dcce5b743b454759,18.0,gatetoken,,ABAq2R9gSpDDGguQxBk4u13s4ZYW6zbwKVBx15mCMG8,8.0,,,,,,,,,,,,,,,,,,,,,,,,,,,,,,,,,,,,,,,,,,,,
eth,HBTC,Huobi BTC (Portal),0x0316eb71485b0ab14103307bf65a021042c6d380,18.0,huobi-btc,https://raw.githubusercontent.com/solana-labs/token-list/main/assets/mainnet/7dVH61ChzgmN9BwG4PkzwRP8PbYwPJ7ZPNF2vamKT2H8/logo.png,7dVH61ChzgmN9BwG4PkzwRP8PbYwPJ7ZPNF2vamKT2H8,8.0,,,,,,,,,,,,,,,,,,,,,,,,,,,,,,,,,,,,,,,,,,,,
eth,HGET,Hedget (Portal),0x7968bc6a03017ea2de509aaa816f163db0f35148,6.0,hedget,,2ueY1bLcPHfuFzEJq7yN1V2Wrpu8nkun9xG2TVCE1mhD,8.0,,,,,,,,,,,,,,,,,,,,,,,,,,,,,,,,,,,,,,,,,,,,
eth,HUSD,HUSD Stablecoin (Portal),0xdf574c24545e5ffecb9a659c229253d4111d87e1,8.0,husd,https://raw.githubusercontent.com/solana-labs/token-list/main/assets/mainnet/7VQo3HFLNH5QqGtM8eC3XQbPkJUu7nS9LeGWjerRh5Sw/logo.png,7VQo3HFLNH5QqGtM8eC3XQbPkJUu7nS9LeGWjerRh5Sw,8.0,,,,,,,,,,,,,,,,,,,,,,,,,,,,,,,,,,,,,,,,,,,,
eth,HXRO,Hxro (Portal),0x4bd70556ae3f8a6ec6c4080a0c327b24325438f3,18.0,hxro,,HxhWkVpk5NS4Ltg5nij2G671CKXFRKPK8vy271Ub4uEK,8.0,,,,,,,,,,,,,,,,,,,,,,,,,,,,,,,,,,,,,,,,,,,,
eth,ICE,PopsicleToken (Portal),0xf16e81dce15b08f326220742020379b855b87df9,18.0,popsicle-finance,,DiJut4U3CU8b3bRgwfyqtJMJ4wjzJHaX6hudamjH46Km,8.0,,,,,,,,,,,,,,,,,,,,,,,,,,,,,,,,,,,,,,,,,,,,
eth,ILV,Illuvium (Portal),0x767fe9edc9e0df98e07454847909b5e959d7ca0e,18.0,illuvium,,8UJbtpsEubDVkY53rk7d61hNYKkvouicczB2XmuwiG4g,8.0,,,,,,,,,,,,,,,,,,,,,,,,,,,,,,,,,,,,,,,,,,,,
eth,KEEP,Keep Network (Portal),0x85eee30c52b0b379b046fb0f85f4f3dc3009afec,18.0,keep-network,,64L6o4G2H7Ln1vN7AHZsUMW4pbFciHyuwn4wUdSbcFxh,8.0,,,,,,,,,,,,,,,,,,,,,,,,,,,,,,,,,,,,,,,,,,,,
eth,KIN,Kin1 Migration (Portal),0x818fc6c2ec5986bc6e2cbf00939d90556ab12ce5,18.0,kin,https://etherscan.io/token/images/kin_28_3.png?v=2,YdYQS1RK1ZTwCMH69pmpWk3W7eLhf99Nfu9b8Rqd9SD,8.0,,,,,,,,,,,,,,,,,,,,,,,,,,,,,,,,,,,,,,,,,,,,
eth,KP3R,Keep3rV1 (Portal),0x1ceb5cb57c4d4e2b2433641b95dd330a33185a44,18.0,keep3rv1,,3a2VW9t5N6p4baMW3M6yLH1UJ9imMt7VsyUk6ouXPVLq,8.0,,,,,,,,,,,,,,,,,,,,,,,,,,,,,,,,,,,,,,,,,,,,
eth,LDO,Lido DAO (Portal),0x5a98fcbea516cf06857215779fd812ca3bef1b32,18.0,lido-dao,https://raw.githubusercontent.com/solana-labs/token-list/main/assets/mainnet/HZRCwxP2Vq9PCpPXooayhJ2bxTpo5xfpQrwB1svh332p/logo.png,HZRCwxP2Vq9PCpPXooayhJ2bxTpo5xfpQrwB1svh332p,8.0,,,0x986854779804799C1d68867F5E03e601E781e41b,18.0,terra1jxypgnfa07j6w92wazzyskhreq2ey2a5crgt6z,8.0,,,,,,,,,,,,,,,,,,,,,,,,,,,,,,,,,,,,,,
eth,LINK,Chainlink (Portal),0x514910771af9ca656af840dff83e8264ecf986ca,18.0,chainlink,https://raw.githubusercontent.com/solana-labs/token-list/main/assets/mainnet/2wpTofQ8SkACrkZWrZDjXPitYa8AwWgX8AfxdeBRRVLX/logo.png,2wpTofQ8SkACrkZWrZDjXPitYa8AwWgX8AfxdeBRRVLX,8.0,,,,,terra12dfv3f0e6m22z6cnhfn3nxk2en3z3zeqy6ctym,8.0,,,,,,,,,,,,,,,,,,,,,,,,,,,,,,,,,,,,,,
eth,LRC,Loopring (Portal),0xbbbbca6a901c926f240b89eacb641d8aec7aeafd,18.0,loopring,,HCTVFTzHL21a1dPzKxAUeWwqbE8QMUyvgChFDL4XYoi1,8.0,,,,,,,,,,,,,,,,,,,,,,,,,,,,,,,,,,,,,,,,,,,,
eth,LUA,LuaSwap (Portal),0xb1f66997a5760428d3a87d68b90bfe0ae64121cc,18.0,luaswap,,5Wc4U1ZoQRzF4tPdqKQzBwRSjYe8vEf3EvZMuXgtKUW6,8.0,,,,,,,,,,,,,,,,,,,,,,,,,,,,,,,,,,,,,,,,,,,,
eth,MANA,Decentraland (Portal),0x0F5D2fB29fb7d3CFeE444a200298f468908cC942,18.0,decentraland,https://assets.coingecko.com/coins/images/878/thumb/decentraland-mana.png,7dgHoN8wBZCc5wbnQ2C47TDnBMAxG4Q5L3KjP67z8kNi,8.0,,,,,,,,,,,,,,,,,,,,,,,,,,,,,,,,,,,,,,,,,,,,
eth,MATH,MATH Token (Portal),0x08d967bb0134f2d07f7cfb6e246680c53927dd30,18.0,math,,CaGa7pddFXS65Gznqwp42kBhkJQdceoFVT7AQYo8Jr8Q,8.0,,,,,,,,,,,,,,,,,,,,,,,,,,,,,,,,,,,,,,,,,,,,
eth,MATICet,MATIC (Portal from Ethereum),0x7d1afa7b718fb893db30a3abc0cfc608aacfebb0,18.0,polygon,,C7NNPWuZCNjZBfW5p6JvGsR8pUdsRpEdP1ZAhnoDwj7h,8.0,,,,,,,,,,,,,,,,,,,,,,,,,,,,,,,,,,,,,,,,,,,,
eth,MIMet,Magic Internet Money (Portal from Ethereum),0x99d8a9c45b2eca8864373a26d1459e3dff1e17f3,18.0,magic-internet-money,https://raw.githubusercontent.com/solana-labs/token-list/main/assets/mainnet/HRQke5DKdDo3jV7wnomyiM8AA3EzkVnxMDdo2FQ5XUe1/logo.png,HRQke5DKdDo3jV7wnomyiM8AA3EzkVnxMDdo2FQ5XUe1,8.0,,,,,terra15a9dr3a2a2lj5fclrw35xxg9yuxg0d908wpf2y,8.0,,,,,,,,,,,,,,,,,,,,,,,,,,,,,,,,,,,,,,
eth,NXM,Nexus Mutual (Portal),0xd7c49cee7e9188cca6ad8ff264c1da2e69d4cf3b,18.0,nexus-mutual,,Aqs5ydqKXEK2cjotDXxHmk8N9PknqQ5q4ZED4ymY1eeh,8.0,,,,,,,,,,,,,,,,,,,,,,,,,,,,,,,,,,,,,,,,,,,,
eth,ORION,Orion Money (Portal),0x727f064a78dc734d33eec18d5370aef32ffd46e4,18.0,orion-money,https://assets.coingecko.com/coins/images/18630/small/YtrqPIWc.png,,,,,0x3dcB18569425930954feb191122e574b87F66abd,18.0,terra1mddcdx0ujx89f38gu7zspk2r2ffdl5enyz2u03,8.0,0x5E0294Af1732498C77F8dB015a2d52a76298542B,18.0,,,,,,,,,,,,,,,,,,,,,,,,,,,,,,,,,,,,
eth,PAXG,Paxos Gold (Portal),0x45804880de22913dafe09f4980848ece6ecbaf78,18.0,pax-gold,,C6oFsE8nXRDThzrMEQ5SxaNFGKoyyfWDDVPw37JKvPTe,8.0,,,,,,,,,,,,,,,,,,,,,,,,,,,,,,,,,,,,,,,,,,,,
eth,PENDLE,Pendle,0x808507121B80c02388fAd14726482e061B8da827,18.0,pendle,https://docs.pendle.finance/img/TokenLogo.png,,,,,0xb3Ed0A426155B79B898849803E3B36552f7ED507,18.0,,,,,,,,,,,,,,,,,,,,,,,,,,,,,,,,,,,,,,,,
eth,PEOPLE,ConstitutionDAO (Portal),0x7a58c0be72be218b41c608b7fe7c5bb630736c71,18.0,constitutiondao,,CobcsUrt3p91FwvULYKorQejgsm5HoQdv5T8RUZ6PnLA,8.0,,,,,,,,,,,,,,,,,,,,,,,,,,,,,,,,,,,,,,,,,,,,
eth,PERP,Perpetual Protocol (Portal),0xbc396689893d065f41bc2c6ecbee5e0085233447,18.0,perpetual-protocol,,9BsnSWDPfbusseZfnXyZ3un14CyPMZYvsKjWY3Y8Gbqn,8.0,,,,,,,,,,,,,,,,,,,,,,,,,,,,,,,,,,,,,,,,,,,,
eth,RGT,Rari Governance Token (Portal),0xd291e7a03283640fdc51b121ac401383a46cc623,18.0,rari-governance-token,,ASk8bss7PoxfFVJfXnSJepj9KupTX15QaRnhdjs6DdYe,8.0,,,,,,,,,,,,,,,,,,,,,,,,,,,,,,,,,,,,,,,,,,,,
eth,RPL,Rocket Pool (Portal),0xd33526068d116ce69f19a9ee46f0bd304f21a51f,18.0,rocket-pool,,HUCyuyqESEUV4YWTKFvvB4JiQLqoovscTBpRXfGzW4Wx,8.0,,,,,,,,,,,,,,,,,,,,,,,,,,,,,,,,,,,,,,,,,,,,
eth,RSR,Reserve Rights (Portal),0x8762db106B2c2A0bccB3A80d1Ed41273552616E8,18.0,reserve-rights-token,,DkbE8U4gSRuGHcVMA1LwyZPYUjYbfEbjW8DMR3iSXBzr,8.0,,,,,,,,,,,,,,,,,,,,,,,,,,,,,,,,,,,,,,,,,,,,
eth,SAND,The Sandbox (Portal),0x3845badAde8e6dFF049820680d1F14bD3903a5d0,18.0,the-sandbox,https://gemini.com/images/currencies/icons/default/sand.svg,49c7WuCZkQgc3M4qH8WuEUNXfgwupZf1xqWkDQ7gjRGt,8.0,,,,,,,,,,,,,,,,,,,,,,,,,,,,,,,,,,,,,,,,,,,,
eth,SD,Stader SD (Portal),0x30D20208d987713f46DFD34EF128Bb16C404D10f,18.0,stader,https://raw.githubusercontent.com/stader-labs/assets/fb5f931ead18cea7480aff37c18c203ed3ba8ae3/eth/SD.png,,,,,,,terra1ustvnmngueq0p4jd7gfnutgvdc6ujpsjhsjd02,8.0,,,,,,,,,,,,,,,,,,,,,,,,,,,,,,,,,,,,,,
eth,SHIB,Shiba Inu (Portal),0x95ad61b0a150d79219dcf64e1e6cc01f0b64c4ce,18.0,shiba-inu,https://etherscan.io/token/images/shibatoken_32.png,CiKu4eHsVrc1eueVQeHn7qhXTcVu95gSQmBpX4utjL9z,8.0,,,0xb1547683DA678f2e1F003A780143EC10Af8a832B,18.0,terra1huku2lecfjhq9d00k5a8dh73gw7dwe6vvuf2dd,8.0,,,,,,,,,,,,,,,,,,,,,,,,,,,,,,,,,,,,,,
eth,SLP,Smooth Love Potion (Portal),0xcc8fa225d80b9c7d42f96e9570156c65d6caaa25,0.0,smooth-love-potion,,4hpngEp1v3CXpeKB81Gw4sv7YvwUVRKvY3SGag9ND8Q4,8.0,,,,,,,,,,,,,,,,,,,,,,,,,,,,,,,,,,,,,,,,,,,,
eth,SNX,Synthetix Network Token (Portal),0xc011a73ee8576fb46f5e1c5751ca3b9fe0af2a6f,18.0,synthetix-network-token,,8cTNUtcV2ueC3royJ642uRnvTxorJAWLZc58gxAo7y56,8.0,,,,,,,,,,,,,,,,,,,,,,,,,,,,,,,,,,,,,,,,,,,,
eth,SOS,OpenDAO (Portal),0x3b484b82567a09e2588a13d54d032153f0c0aee0,18.0,opendao,,6Q5fvsJ6kgAFmisgDqqyaFd9FURYzHf8MCUbpAUaGZnE,8.0,,,,,,,,,,,,,,,,,,,,,,,,,,,,,,,,,,,,,,,,,,,,
eth,SPELL,Spell Token (Portal),0x090185f2135308bad17527004364ebcc2d37e5f6,18.0,spell-token,,BCsFXYm81iqXyYmrLKgAp3AePcgLHnirb8FjTs6sjM7U,8.0,,,,,,,,,,,,,,,,,,,,,,,,,,,,,,,,,,,,,,,,,,,,
eth,SRMet,Serum (Portal from Ethereum),0x476c5e26a75bd202a9683ffd34359c0cc15be0ff,6.0,serum,https://raw.githubusercontent.com/solana-labs/token-list/main/assets/mainnet/xnorPhAzWXUczCP3KjU5yDxmKKZi5cSbxytQ1LgE3kG/logo.png,xnorPhAzWXUczCP3KjU5yDxmKKZi5cSbxytQ1LgE3kG,6.0,,,0xd63CDf02853D759831550fAe7dF8FFfE0B317b39,6.0,,,,,,,,,,,,,,,,,,,,,,,,,,,,,,,,,,,,,,,,
eth,SUSHI,SushiToken (Portal),0x6b3595068778dd592e39a122f4f5a5cf09c90fe2,18.0,sushi,https://etherscan.io/token/images/sushitoken_32.png,ChVzxWRmrTeSgwd3Ui3UumcN8KX7VK3WaD4KGeSKpypj,8.0,,,0x3524fd7488fdb1F4723BBc22C9cbD1Bf89f46E3B,18.0,terra1csvuzlf92nyemu6tv25h0l79etpe8hz3h5vn4a,8.0,,,,,,,,,,,,,,,,,,,,,,,,,,,,,,,,,,,,,,
eth,SWAG,SWAG Finance (Portal),0x87edffde3e14c7a66c9b9724747a1c5696b742e6,18.0,swag-finance,,5hcdG6NjQwiNhVa9bcyaaDsCyA1muPQ6WRzQwHfgeeKo,8.0,,,,,,,,,,,,,,,,,,,,,,,,,,,,,,,,,,,,,,,,,,,,
eth,SXP,Swipe (Portal),0x8ce9137d39326ad0cd6491fb5cc0cba0e089b6a9,18.0,swipe,,3CyiEDRehaGufzkpXJitCP5tvh7cNhRqd9rPBxZrgK5z,8.0,,,,,,,,,,,,,,,,,,,,,,,,,,,,,,,,,,,,,,,,,,,,
eth,T,Threshold Network Token,0xCdF7028ceAB81fA0C6971208e83fa7872994beE5,18.0,threshold-network-token,https://assets.coingecko.com/coins/images/22228/small/nFPNiSbL_400x400.jpg?1641220340,4Njvi3928U3figEF5tf8xvjLC5GqUN33oe4XTJNe7xXC,8.0,,,,,,,,,,,,,,,,,,,,,,,,,,,,,,,,,,,,,,,,,,,,
eth,TBTC,Threshold Bitcoin,0x18084fbA666a33d37592fA2633fD49a74DD93a88,18.0,tbtc,https://assets.coingecko.com/coins/images/11224/small/0x18084fba666a33d37592fa2633fd49a74dd93a88.png?1674474504,6DNSN2BJsaPFdFFc1zP37kkeNe4Usc1Sqkzr9C9vPWcU,8.0,,,,,,,0x236aa50979D5f3De3Bd1Eeb40E81137F22ab794b,8.0,,,,,,,,,,,,,,,,,,,,,,,,,,,,,0x6c84a8f1c29108F47a79964b5Fe888D4f4D0dE40,8.0,0x6c84a8f1c29108F47a79964b5Fe888D4f4D0dE40,8.0,,,0x236aa50979D5f3De3Bd1Eeb40E81137F22ab794b,8.0
eth,TOKE,Tokemak (Portal),0x2e9d63788249371f1dfc918a52f8d799f4a38c94,18.0,tokemak,,3EQ6LqLkiFcoxTeGEsHMFpSLWNVPe9yT7XPX2HYSFyxX,8.0,,,,,,,,,,,,,,,,,,,,,,,,,,,,,,,,,,,,,,,,,,,,
eth,TRIBE,Tribe (Portal),0xc7283b66eb1eb5fb86327f08e1b5816b0720212b,18.0,tribe,,DPgNKZJAG2w1S6vfYHDBT62R4qrWWH5f45CnxtbQduZE,8.0,,,,,,,,,,,,,,,,,,,,,,,,,,,,,,,,,,,,,,,,,,,,
eth,UBXT,UpBots (Portal),0x8564653879a18c560e7c0ea0e084c516c62f5653,18.0,upbots,,FTtXEUosNn6EKG2SQtfbGuYB4rBttreQQcoWn1YDsuTq,8.0,,,,,,,,,,,,,,,,,,,,,,,,,,,,,,,,,,,,,,,,,,,,
eth,UFO,UFO Gaming (Portal),0x249e38ea4102d0cf8264d3701f1a0e39c4f2dc3b,18.0,ufo-gaming,,GWdkYFnXnSJAsCBvmsqFLiPPe2tpvXynZcJdxf11Fu3U,8.0,,,,,,,,,,,,,,,,,,,,,,,,,,,,,,,,,,,,,,,,,,,,
eth,UNI,Uniswap (Portal),0x1f9840a85d5af5bf1d1762f925bdaddc4201f984,18.0,uniswap,https://etherscan.io/token/images/uniswap_32.png,8FU95xFJhUUkyyCLU13HSzDLs7oC4QZdXQHL6SCeab36,8.0,,,,,terra1wyxkuy5jq545fn7xfn3enpvs5zg9f9dghf6gxf,8.0,,,,,,,,,,,,,,,,,,,,,,,,,,,,,,,,,,,,,,
eth,USDCet,USD Coin (Portal from Ethereum),0xa0b86991c6218b36c1d19d4a2e9eb0ce3606eb48,6.0,usd-coin,https://raw.githubusercontent.com/solana-labs/token-list/main/assets/mainnet/EPjFWdd5AufqSSqeM2qN1xzybapC8G4wEGGkZwyTDt1v/logo.png,A9mUU4qviSctJVPJdBJWkb28deg915LYJKrzQ19ji3FM,6.0,,,0xB04906e95AB5D797aDA81508115611fee694c2b3,6.0,terra1pepwcav40nvj3kh60qqgrk8k07ydmc00xyat06,6.0,0x4318cb63a2b8edf2de971e2f17f77097e499459d,6.0,0xB24CA28D4e2742907115fECda335b40dbda07a4C,6.0,0xE8A638b3B7565Ee7c5eb9755E58552aFc87b94DD,6.0,,,0x2Ec752329c3EB419136ca5e4432Aa2CDb1eA23e6,6.0,,,,,,,,,0x37f750B7cC259A2f741AF45294f6a16572CF5cAd,6.0,,,0x931715FEE2d06333043d11F658C8CE934aC61D0c,6.0,,,,,,,,,,,0x5e156f1207d0ebfa19a9eeff00d62a282278fb8719f4fab3a586a0a2c0fffbea,6.0,,
eth,USDK,USDK (Portal),0x1c48f86ae57291f7686349f12601910bd8d470bb,18.0,usdk,https://raw.githubusercontent.com/solana-labs/token-list/main/assets/mainnet/43m2ewFV5nDepieFjT9EmAQnc1HRtAF247RBpLGFem5F/logo.png,43m2ewFV5nDepieFjT9EmAQnc1HRtAF247RBpLGFem5F,8.0,,,,,,,,,,,,,,,,,,,,,,,,,,,,,,,,,,,,,,,,,,,,
eth,USDTet,Tether USD (Portal from Ethereum),0xdac17f958d2ee523a2206206994597c13d831ec7,6.0,tether,https://raw.githubusercontent.com/solana-labs/token-list/main/assets/mainnet/Es9vMFrzaCERmJfrF4H2FYD4KCoNkY11McCe8BenwNYB/logo.svg,Dn4noZ5jgGfkntzcQSUZ8czkreiZ1ForXYoV2H8Dm7S1,6.0,,,0x524bC91Dc82d6b90EF29F76A3ECAaBAffFD490Bc,6.0,terra1ce06wkrdm4vl6t0hvc0g86rsy27pu8yadg3dva,6.0,0x9417669fBF23357D2774e9D421307bd5eA1006d2,6.0,,,0xdC19A122e268128B5eE20366299fc7b5b199C8e3,6.0,,,,,,,,,,,,,0x617f3112bf5397D0467D315cC709EF968D9ba546,6.0,,,,,,,,,,,,,,,,,,
eth,WBTC,Wrapped BTC (Portal),0x2260fac5e5542a773aa44fbcfedf7c193bc2c599,8.0,wrapped-bitcoin,https://etherscan.io/token/images/wbtc_28.png?v=1,3NZ9JMVBmGAqocybic2c7LQCJScmgsAZ6vQqTDzcqmJh,8.0,,,,,terra1aa7upykmmqqc63l924l5qfap8mrmx5rfdm0v55,8.0,0x5D49c278340655B56609FdF8976eb0612aF3a0C3,8.0,,,0xd43ce0aa2a29DCb75bDb83085703dc589DE6C7eb,8.0,1058926737,8.0,,,,,,,,,,,,,,,0xE57eBd2d67B462E9926e04a8e33f01cD0D64346D,8.0,,,,,,,,,,,,,,
eth,XCAD,XCAD Token,0x7659CE147D0e714454073a5dd7003544234b6Aa0,18.0,xcad-network,,,,,,0xa026ad2ceda16ca5fc28fd3c72f99e2c332c8a26,18.0,,,,,,,,,,,,,,,,,,,,,,,,,,,,,,,,,,,,,,,,
eth,YFI,yearn.finance (Portal),0x0bc529c00C6401aEF6D220BE8C6Ea1667F6Ad93e,18.0,yearn-finance,,BXZX2JRJFjvKazM1ibeDFxgAngKExb74MRXzXKvgikxX,8.0,,,,,,,,,,,,,,,,,,,,,,,,,,,,,,,,,,,,,,,,,,,,
eth,YGG,Yield Guild Games (Portal),0x25f8087ead173b73d6e8b84329989a8eea16cf73,18.0,yield-guild-games,,EzZp7LRN1xwu3QsB2RJRrWwEGjJGsuWzuMCeQDB3NSPK,8.0,,,,,,,,,,,,,,,,,,,,,,,,,,,,,,,,,,,,,,,,,,,,
eth,ZRX,0x (Portal),0xe41d2489571d322189246dafa5ebde1f4699f498,18.0,0x,,GJa1VeEYLTRoHbaeqcxfzHmjGCGtZGF3CUqxv9znZZAY,8.0,,,,,,,,,,,,,,,,,,,,,,,,,,,,,,,,,,,,,,,,,,,,
eth,agEUR,agEUR (Portal),0x1a7e4e63778B4f12a199C062f3eFdD288afCBce8,18.0,ageur,https://raw.githubusercontent.com/solana-labs/token-list/main/assets/mainnet/CbNYA9n3927uXUukee2Hf4tm3xxkffJPPZvGazc2EAH1/logo.svg,CbNYA9n3927uXUukee2Hf4tm3xxkffJPPZvGazc2EAH1,8.0,,,,,,,,,,,,,,,,,,,,,,,,,,,,,,,,,,,,,,,,,,,,
eth,bETH,Lido bETH (Portal),0x707f9118e33a9b8998bea41dd0d46f38bb963fc8,18.0,anchor-beth-token,https://static.lido.fi/bETH/bETH.png,,,,,,,terra1u5szg038ur9kzuular3cae8hq6q5rk5u27tuvz,8.0,,,,,,,,,,,,,,,,,,,,,,,,,,,,,,,,,,,,,,
eth,gOHM,Governance OHM (Portal),0x0ab87046fbb341d058f17cbc4c1133f25a20a52f,18.0,governance-ohm,https://raw.githubusercontent.com/solana-labs/token-list/main/assets/mainnet/FUGsN8H74WjRBBMfQWcf9Kk32gebA9VnNaGxqwcVvUW7/logo.png,FUGsN8H74WjRBBMfQWcf9Kk32gebA9VnNaGxqwcVvUW7,8.0,,,,,terra1fpfn2kkr8mv390wx4dtpfk3vkjx9ch3thvykl3,8.0,,,,,,,,,,,,,,,,,,,,,,,,,,,,,,,,,,,,,,
eth,ibBTC,Interest Bearing Bitcoin (Portal),0xc4e15973e6ff2a35cc804c2cf9d2a1b817a8b40f,18.0,interest-bearing-bitcoin,https://etherscan.io/token/images/badgeribtc_32.png,Bzq68gAVedKqQkQbsM28yQ4LYpc2VComDUD9wJBywdTi,8.0,,,,,,,,,,,,,,,,,,,,,,,,,,,,,,,,,,,,,,,,,,,,
eth,stETH,Lido Staked Ether (Portal),0xae7ab96520de3a18e5e111b5eaab095312d7fe84,18.0,lido-staked-ether,https://raw.githubusercontent.com/solana-labs/token-list/main/assets/mainnet/H2mf9QNdU2Niq6QR7367Ua2trBsvscLyX5bz7R3Pw5sE/logo.png,H2mf9QNdU2Niq6QR7367Ua2trBsvscLyX5bz7R3Pw5sE,8.0,,,,,terra1w7ywr6waxtjuvn5svk5wqydqpjj0q9ps7qct4d,8.0,,,,,,,,,,,,,,,,,,,,,,,,,,,,,,,,,,,,,,
eth,wstETH,Lido wstETH (Portal),0x7f39c581f595b53c5cb19bd0b3f8da6c935e2ca0,18.0,wrapped-steth,https://static.lido.fi/wstETH/wstETH.png,,,,,,,terra133chr09wu8sakfte5v7vd8qzq9vghtkv4tn0ur,8.0,,,,,,,,,,,,,,,,,,,,,,,,,,,,,,,,,,,,,,
bsc,BNB,Binance Coin (Portal),0xbb4CdB9CBd36B01bD1cBaEBF2De08d9173bc095c,18.0,binance-coin,https://raw.githubusercontent.com/solana-labs/token-list/main/assets/mainnet/9gP2kCy3wA1ctvYWQk75guqXuHfrEomqydHLtcTCqiLa/logo.png,9gP2kCy3wA1ctvYWQk75guqXuHfrEomqydHLtcTCqiLa,8.0,0x418D75f65a02b3D53B2418FB8E1fe493759c7605,18.0,,,terra1cetg5wruw2wsdjp7j46rj44xdel00z006e9yg8,8.0,0xecdcb5b88f8e3c15f95c720c51c71c9e2080525d,18.0,0x442F7f22b1EE2c842bEAFf52880d4573E9201158,18.0,0xd79Ef9A91b56c690C7b80570a3c060678667f469,18.0,,,,,,,,,,,,,,,,,,,,,,,,,,,,,,,,
bsc,BUSDbs,Binance USD (Portal from BSC),0xe9e7cea3dedca5984780bafc599bd69add087d56,18.0,binance-usd,https://etherscan.io/token/images/binanceusd_32.png,5RpUwQ8wtdPCZHhu6MERp2RGrpobsbZ6MH5dDHkUjs2,8.0,0x7B4B0B9b024109D182dCF3831222fbdA81369423,18.0,,,terra1skjr69exm6v8zellgjpaa2emhwutrk5a6dz7dd,8.0,0xa8d394fe7380b8ce6145d5f85e6ac22d4e91acde,18.0,0xA41a6c7E25DdD361343e8Cb8cFa579bbE5eEdb7a,18.0,0xf6568FD76f9fcD1f60f73b730F142853c5eF627E,18.0,,,,,,,,,,,,,,,,,0x692C57641fc054c2Ad6551Ccc6566EbA599de1BA,18.0,,,,,,,,,,,,,,
bsc,CAKE,PancakeSwap Token (Portal),0x0e09fabb73bd3ade0a17ecc321fd13a19e81ce82,18.0,pancakeswap,https://raw.githubusercontent.com/solana-labs/token-list/main/assets/mainnet/J8LKx7pr9Zxh9nMhhT7X3EBmj5RzuhFrHKyJAe2F2i9S/logo.png,J8LKx7pr9Zxh9nMhhT7X3EBmj5RzuhFrHKyJAe2F2i9S,8.0,0x7c8161545717a334f3196e765d9713f8042EF338,18.0,,,terra1xvqlpjl2dxyel9qrp6qvtrg04xe3jh9cyxc6av,8.0,,,0x98a4d09036Cc5337810096b1D004109686E56Afc,18.0,,,,,,,,,,,,,,,,,,,,,,,,,,,,,,,,,,
bsc,MGP,Magpie,0xD06716E1Ff2E492Cc5034c2E81805562dd3b45fa,18.0,magpie,https://assets.coingecko.com/coins/images/27972/small/MagpieLogo.png?1666771448,,,,,,,,,,,,,,,,,,,,,,,,,,,,,,,,,,,,,,,,,0xa61F74247455A40b01b0559ff6274441FAfa22A3,18.0,,,,
bsc,QUO,Quoll Finance,0x08b450e4a48C04CDF6DB2bD4cf24057f7B9563fF,18.0,quoll-finance,https://s2.coinmarketcap.com/static/img/coins/64x64/22468.png,,,,,,,,,,,,,,,,,,,,,,,,,,,,,,,,,,,,,,,,,0xf00D8790A76ee5A5Dbc10eaCac39151aa2af0331,18.0,,,,
bsc,UNW,Uniwhale Token,0x5b65cd9feb54F1Df3D0C60576003344079f8Dc06,18.0,uniwhale,https://assets.coingecko.com/coins/images/29531/small/token-256x256.png?1680260871,,,,,,,,,,,,,,,,,,,,,,,,,,,,,,,,,,,,,,,,,0xF73Ce9D8F7BDDCC38Cb3e662Cb93622B2145a47f,18.0,,,,
bsc,USDCbs,USD Coin (Portal from BSC),0x8ac76a51cc950d9822d68b83fe1ad97b32cd580d,18.0,usd-coin,https://raw.githubusercontent.com/solana-labs/token-list/main/assets/mainnet/EPjFWdd5AufqSSqeM2qN1xzybapC8G4wEGGkZwyTDt1v/logo.png,FCqfQSujuPxy6V42UvafBhsysWtEq1vhjfMN1PUbgaxA,8.0,0x7cd167B101D2808Cfd2C45d17b2E7EA9F46b74B6,18.0,,,terra1yljlrxvkar0c6ujpvf8g57m5rpcwl7r032zyvu,8.0,,,0x6145E8a910aE937913426BF32De2b26039728ACF,18.0,0x4cA2A3De42eabC8fd8b0AC46127E64DB08b9150e,18.0,,,,,,,,,,,,,,,,,,,,,,,,,,,,,,,,
bsc,USDTbs,Tether USD (Portal from BSC),0x55d398326f99059fF775485246999027B3197955,18.0,tether,https://raw.githubusercontent.com/solana-labs/token-list/main/assets/mainnet/Es9vMFrzaCERmJfrF4H2FYD4KCoNkY11McCe8BenwNYB/logo.svg,8qJSyQprMC57TWKaYEmetUR3UUiTP2M3hXdcvFhkZdmv,8.0,0xDe60aDfDdAAbaAAC3dAFa57B26AcC91Cb63728c4,18.0,,,terra1vlqeghv5mt5udh96kt5zxlh2wkh8q4kewkr0dd,8.0,,,0xA67BCC0D06d7d13A13A2AE30bF30f1B434f5a28B,18.0,0x366EF31C8dc715cbeff5fA54Ad106dC9c25C6153,18.0,,,,,,,,,,,,,,,,,,,,,,,,,,,,,,,,
bsc,WMX,Wombex Finance,0xa75d9ca2a0a1D547409D82e1B06618EC284A2CeD,18.0,wombex,https://wombex.finance/logo.png,,,,,,,,,,,,,,,,,,,,,,,,,,,,,,,,,,,,,,,,,0x5190F06EaceFA2C552dc6BD5e763b81C73293293,18.0,,,,
bsc,WOM,Wombat Exchange,0xad6742a35fb341a9cc6ad674738dd8da98b94fb1,18.0,wombat-exchange,https://s2.coinmarketcap.com/static/img/coins/64x64/19623.png,,,,,,,,,,,,,,,,,,,,,,,,,,,,,,,,,,,,,,,,,0x7b5eb3940021ec0e8e463d5dbb4b7b09a89ddf96,18.0,,,,
terra,LUNA,LUNA (Portal),uluna,6.0,terra-luna,https://raw.githubusercontent.com/solana-labs/token-list/main/assets/mainnet/F6v4wfAdJB8D8p77bMXZgYt8TDKsYxLYxH5AFhUkYx9W/logo.png,F6v4wfAdJB8D8p77bMXZgYt8TDKsYxLYxH5AFhUkYx9W,6,0xbd31ea8212119f94a611fa969881cba3ea06fa3d,6.0,0x156ab3346823B651294766e23e6Cf87254d68962,6,,,0x9cd6746665D9557e1B9a775819625711d0693439,6.0,0x70928E5B188def72817b7775F0BF6325968e563B,6.0,0x4F43717B20ae319Aa50BC5B2349B93af5f7Ac823,6.0,,,0x593AE1d34c8BD7587C11D539E4F42BFf242c82Af,6.0,0x12302fbE05a7e833f87d4B7843F58d19BE4FdE3B,6.0,,,,,,,,,,,,,,,,,,,,,,,,,,
terra,UST,UST (Portal),uusd,6.0,terra-usd,https://raw.githubusercontent.com/solana-labs/token-list/main/assets/mainnet/9vMJfxuKxXBoEa7rM12mYLMwTacLMLDJqHozw96WQL8i/logo.png,9vMJfxuKxXBoEa7rM12mYLMwTacLMLDJqHozw96WQL8i,6,0xa693B19d2931d498c5B318dF961919BB4aee87a5,6.0,0x3d4350cD54aeF9f9b2C29435e0fa809957B3F30a,6,,,0xE6469Ba6D2fD6130788E0eA9C0a0515900563b59,6.0,0xb599c3590F42f8F995ECfa0f85D2980B76862fc1,6.0,0xa1E73c01E0cF7930F5e91CB291031739FE5Ad6C2,6.0,,,0x846e4D51d7E2043C1a87E0Ab7490B93FB940357b,6.0,0x8D07bBb478B84f7E940e97C8e9cF7B3645166b03,6.0,,,,,,,,,,,,,,,,,,,,,,,,,,
terra,aUST,AnchorUST (Portal),terra1hzh9vpxhsk8253se0vv5jj6etdvxu3nv8z07zu,6.0,anchorust,,4CsZsUCoKFiaGyU7DEVDayqeVtG8iqgGDR6RjzQmzQao,6,,,0x8b04E56A8cd5f4D465b784ccf564899F30Aaf88C,6,,,,,,,,,,,,,,,,,,,,,,,,,,,,,,,,,,,,,,,,
matic,DAIpo,DAI (Portal from Polygon),0x8f3cf7ad23cd3cadbd9735aff958023239c6a063,18.0,dai,,4Fo67MYQpVhZj9R7jQTd63FPAnWbPpaafAUxsMGX2geP,8,,,,,,,,,,,,,,,,,,,,,,,,,,,,,,,,,,,,,,,,,,,,
matic,MATICpo,MATIC (Portal from Polygon),0x0d500b1d8e8ef31e21c99d1db9a6444d3adf1270,18.0,polygon,,Gz7VkD4MacbEB6yC5XD3HcumEiYx2EtDYYrfikGsvopG,8,0x7c9f4C87d911613Fe9ca58b579f737911AAD2D43,18.0,0xc836d8dC361E44DbE64c4862D55BA041F88Ddd39,18.0,terra1dtqlfecglk47yplfrtwjzyagkgcqqngd5lgjp8,8.0,,,0xf2f13f0B7008ab2FA4A2418F4ccC3684E49D20Eb,18.0,,,,,,,,,,,,,,,,,,,,,,,,,,,,,,,,,,
matic,QUICK,Quickswap (Portal),0x831753dd7087cac61ab5644b308642cc1c33dc13,18.0,quickswap,,5njTmK53Ss5jkiHHZvzabVzZj6ztu6WYWpAPYgbVnbjs,8,,,,,,,,,,,,,,,,,,,,,,,,,,,,,,,,,,,,,,,,,,,,
matic,TBTC,Threshold Bitcoin,0x236aa50979D5f3De3Bd1Eeb40E81137F22ab794b,18.0,tbtc,https://assets.coingecko.com/coins/images/11224/small/0x18084fba666a33d37592fa2633fd49a74dd93a88.png?1674474504,6DNSN2BJsaPFdFFc1zP37kkeNe4Usc1Sqkzr9C9vPWcU,8,0x18084fbA666a33d37592fA2633fD49a74DD93a88,8.0,,,,,,,,,,,,,,,,,,,,,,,,,,,,,,,,,,,0x6c84a8f1c29108F47a79964b5Fe888D4f4D0dE40,8.0,0x6c84a8f1c29108F47a79964b5Fe888D4f4D0dE40,8.0,,,0x236aa50979D5f3De3Bd1Eeb40E81137F22ab794b,8.0
matic,USDCpo,USD Coin (PoS) (Portal from Polygon),0x2791bca1f2de4661ed88a30c99a7a9449aa84174,6.0,usd-coin,https://raw.githubusercontent.com/solana-labs/token-list/main/assets/mainnet/EPjFWdd5AufqSSqeM2qN1xzybapC8G4wEGGkZwyTDt1v/logo.png,E2VmbootbVCBkMNNxKQgCLMS1X3NoGMaYAsufaAsf7M,6,0x566957eF80F9fd5526CD2BEF8BE67035C0b81130,6.0,0x672147dD47674757C457eB155BAA382cc10705Dd,6.0,terra1kkyyh7vganlpkj0gkc2rfmhy858ma4rtwywe3x,6.0,,,0x543672E9CBEC728CBBa9C3Ccd99ed80aC3607FA8,6.0,0x3E62a9c3aF8b810dE79645C4579acC8f0d06a241,6.0,,,,,,,,,,,,,,,,,,,,,,,,,,,,,,,,
matic,USDTpo,Tether USD (PoS) (Portal from Polygon),0xc2132d05d31c914a87c6611c10748aeb04b58e8f,6.0,tether,https://raw.githubusercontent.com/solana-labs/token-list/main/assets/mainnet/Dn4noZ5jgGfkntzcQSUZ8czkreiZ1ForXYoV2H8Dm7S1/logo.png,5goWRao6a3yNC4d6UjMdQxonkCMvKBwdpubU3qhfcdf1,6,,,,,,,,,,,0xFffD69E757d8220CEA60dc80B9Fe1a30b58c94F3,6.0,,,,,,,,,,,,,,,,,,,,,,,,,,,,,,,,
avax,AVAX,AVAX (Portal),0xb31f66aa3c1e785363f0875a1b74e27b85fd66c7,18.0,avalanche,https://raw.githubusercontent.com/solana-labs/token-list/main/assets/mainnet/KgV1GvrHQmRBY8sHQQeUKwTm2r2h8t4C8qt12Cw1HVE/logo.png,KgV1GvrHQmRBY8sHQQeUKwTm2r2h8t4C8qt12Cw1HVE,8,0x85f138bfEE4ef8e540890CFb48F620571d67Eda3,18.0,0x96412902aa9aFf61E13f085e70D3152C6ef2a817,18.0,terra1hj8de24c3yqvcsv9r8chr03fzwsak3hgd8gv3m,8.0,0x7Bb11E7f8b10E9e571E5d8Eace04735fDFB2358a,18.0,,,0x32847e63E99D3a044908763056e25694490082F8,18.0,,,,,,,,,,,,,,,,,,,,,,,,,,,,,,,,
avax,JOE,JoeToken (Portal),0x6e84a6216ea6dacc71ee8e6b0a5b7322eebc0fdd,18.0,joe,https://raw.githubusercontent.com/solana-labs/token-list/main/assets/mainnet/CriXdFS9iRAYbGEQiTcUqbWwG9RBmYt5B6LwTnoJ61Sm/logo.png,CriXdFS9iRAYbGEQiTcUqbWwG9RBmYt5B6LwTnoJ61Sm,8,,,,,,,,,,,,,,,,,,,,,,,,,,,,,,,,,,,,,,,,,,,,
avax,USDCav,USD Coin (Portal from Avalanche),0xB97EF9Ef8734C71904D8002F8b6Bc66Dd9c48a6E,6.0,usd-coin,https://raw.githubusercontent.com/solana-labs/token-list/main/assets/mainnet/AGqKX7F4mqJ8x2mUQVangJb5pWQJApaKoUfe5gXM53CV/logo.png,FHfba3ov5P3RjaiLVgh8FTv4oirxQDoVXuoUUDvHuXax,8,,,,,,,,,,,,,,,,,,,,,,,,,,,,,,,,,,,,,,,,,,,,
avax,USDCeav,USD.e Coin (Portal from Avalanche),0xa7d7079b0fead91f3e65f86e8915cb59c1a4c664,6.0,usd-coin,https://raw.githubusercontent.com/solana-labs/token-list/main/assets/mainnet/AGqKX7F4mqJ8x2mUQVangJb5pWQJApaKoUfe5gXM53CV/logo.png,AGqKX7F4mqJ8x2mUQVangJb5pWQJApaKoUfe5gXM53CV,8,,,0xc1F47175d96Fe7c4cD5370552e5954f384E3C791,6.0,terra1pvel56a2hs93yd429pzv9zp5aptcjg5ulhkz7w,6.0,,,,,0x05CbE6319Dcc937BdbDf0931466F4fFd0d392B47,6.0,,,,,,,,,,,,,,,,,,,,,,,,,,,,,,,,
avax,USDTav,Tether USD (Portal from Avalanche),0x9702230A8Ea53601f5cD2dc00fDBc13d4dF4A8c7,6.0,tether,https://raw.githubusercontent.com/solana-labs/token-list/main/assets/mainnet/B2wfeYz5VtBnQVrX4M8F6FeDrprVrzKPws5qg1in8bzR/logo.png,Kz1csQA91WUGcQ2TB3o5kdGmWmMGp8eJcDEyHzNDVCX,8,,,,,,,,,,,,,,,,,,,,,,,,,,,,,,,,,,,,,,,,,,,,
avax,USDTeav,Tether USD.e (Portal from Avalanche),0xc7198437980c041c805a1edcba50c1ce5db95118,6.0,tether,https://raw.githubusercontent.com/solana-labs/token-list/main/assets/mainnet/B2wfeYz5VtBnQVrX4M8F6FeDrprVrzKPws5qg1in8bzR/logo.png,B2wfeYz5VtBnQVrX4M8F6FeDrprVrzKPws5qg1in8bzR,8,,,0x2B90E061a517dB2BbD7E39Ef7F733Fd234B494CA,6.0,terra1eqvq3thjhye7anv6f6mhxpjhyvww8zjvqcdgjx,6.0,,,,,0x05832a0905E516f29344ADBa1c2052a788B10129,6.0,,,,,,,,,,,,,,,,,,,,,,,,,,,,,,,,
oasis,ROSE,ROSE (Portal),0x21C718C22D52d0F3a789b752D4c2fD5908a8A733,18.0,oasis-network,https://assets.coingecko.com/coins/images/13162/small/rose.png,S3SQfD6RheMXQ3EEYn1Z5sJsbtwfXdt7tSAVXPQFtYo,8,0x26B80FBfC01b71495f477d5237071242e0d959d7,18,0x6c6D604D3f07aBE287C1A3dF0281e999A83495C0,18,,,,,0x12AF5C1a232675f62F405b5812A80e7a6F75D746,18,,,,,,,,,,,,,,,,,,,,,,,,,,,,,,,,,,
ftm,FTM,Fantom (Portal),0x21be370d5312f44cb42ce377bc9b8a0cef1a4c83,18.0,fantom,https://assets.coingecko.com/coins/images/4001/small/Fantom.png,,,,,,,,,,,,,,,,,,,,,,,,,,,,,,,,,,,,,,,,,,,,,,
celo,CELO,Celo (Wormhole),0x471EcE3750Da237f93B8E339c536989b8978a438,,celo,https://assets.coingecko.com/coins/images/11090/small/InjXBNx9_400x400.jpg?1674707499,,,0x3294395e62F4eB6aF3f1Fcf89f5602D90Fb3Ef69,18,,,,,,,,,,,,,,,,,,,,,,,,,,,,,,,,,,,,,,,,,,
celo,cEUR,Celo Euro (Wormhole),0xd8763cba276a3738e6de85b4b3bf5fded6d6ca73,,celo-euro,https://assets.coingecko.com/coins/images/16756/small/CEUR.png?1624947266,,,0xEE586e7Eaad39207F0549BC65f19e336942C992f,18,,,,,,,,,,,,,,,,,,,,,,,,,,,,,,,,,,,,,,,,,,
celo,cUSD,Celo Dollar (Wormhole),0x765DE816845861e75A25fCA122bb6898B8B1282a,,celo-dollar,https://assets.coingecko.com/coins/images/13161/small/icon-celo-dollar-color-1000-circle-cropped.png?1605771134,,,0xC22956c3CFeC3Ee9A9925abeE044F05Bc47f6632,18,,,,,,,,,,,,,,,,,,,,,,,,,,,,,,,,,,,,,,,,,,
near,SWEAT,Sweat Economy,token.sweat,18.0,sweatcoin,https://assets.coingecko.com/coins/images/25057/small/fhD9Xs16_400x400.jpg?1649947000,,,0xB4b9DC1C77bdbb135eA907fd5a08094d98883A35,18,0x510Ad22d8C956dCC20f68932861f54A591001283,18,,,,,,,,,,,,,,,,,,,,,,,,,,,,,,,,,,,,,,,,
moonbeam,WELL,Moonwell,0x511ab53f793683763e5a8829738301368a2411e3,18.0,moonwell,https://assets.coingecko.com/coins/images/26133/small/WELL.png?1690178473,,,,,,,,,,,,,,,,,,,,,,,,,,,,,,,,,,,,,,,,,,,,,0xff8adec2221f9f4d8dfbafa6b9a297d17603493d,18
optimism,TBTC,Threshold Bitcoin,0x6c84a8f1c29108F47a79964b5Fe888D4f4D0dE40,18.0,tbtc,https://assets.coingecko.com/coins/images/11224/small/0x18084fba666a33d37592fa2633fd49a74dd93a88.png?1674474504,6DNSN2BJsaPFdFFc1zP37kkeNe4Usc1Sqkzr9C9vPWcU,8,0x18084fbA666a33d37592fA2633fD49a74DD93a88,8,,,,,0x236aa50979D5f3De3Bd1Eeb40E81137F22ab794b,8,,,,,,,,,,,,,,,,,,,,,,,,,,,,,,,0x6c84a8f1c29108F47a79964b5Fe888D4f4D0dE40,8,,,0x236aa50979D5f3De3Bd1Eeb40E81137F22ab794b,8
arbitrum,TBTC,Threshold Bitcoin,0x6c84a8f1c29108F47a79964b5Fe888D4f4D0dE40,18.0,tbtc,https://assets.coingecko.com/coins/images/11224/small/0x18084fba666a33d37592fa2633fd49a74dd93a88.png?1674474504,6DNSN2BJsaPFdFFc1zP37kkeNe4Usc1Sqkzr9C9vPWcU,8,0x18084fbA666a33d37592fA2633fD49a74DD93a88,8,,,,,0x236aa50979D5f3De3Bd1Eeb40E81137F22ab794b,8,,,,,,,,,,,,,,,,,,,,,,,,,,,,,0x6c84a8f1c29108F47a79964b5Fe888D4f4D0dE40,8,,,,,0x236aa50979D5f3De3Bd1Eeb40E81137F22ab794b,8
base,TBTC,Threshold Bitcoin,0x236aa50979D5f3De3Bd1Eeb40E81137F22ab794b,18.0,tbtc,https://assets.coingecko.com/coins/images/11224/small/0x18084fba666a33d37592fa2633fd49a74dd93a88.png?1674474504,6DNSN2BJsaPFdFFc1zP37kkeNe4Usc1Sqkzr9C9vPWcU,8,0x18084fbA666a33d37592fA2633fD49a74DD93a88,8,,,,,0x236aa50979D5f3De3Bd1Eeb40E81137F22ab794b,8,,,,,,,,,,,,,,,,,,,,,,,,,,,,,0x6c84a8f1c29108F47a79964b5Fe888D4f4D0dE40,8,0x6c84a8f1c29108F47a79964b5Fe888D4f4D0dE40,8,,,,
